Varga,MahaDasa,Planet,Shayanadi_Avastha
D1,Me,Sun,7. Sabhaayaam- Congregating
D1,Me,Moon,5. Gamana- Departing
D1,Me,Mars,10. Nrityalipsa- Desiring to Dance
D1,Me,Mercury,1. Shayana- Laying
D1,Me,Jupiter,7. Sabhaayaam- Congregating
D1,Me,Venus,1. Shayana- Laying
D1,Me,Saturn,1. Shayana- Laying
D1,Me,Rahu,1. Shayana- Laying
D1,Me,Ketu,4. Prakaashana- Illuminating
D1,Ke,Sun,8. Aagama- Aproaching
D1,Ke,Moon,6. Aagamana- Arriving
D1,Ke,Mars,11. Kautuka- Eagerness
D1,Ke,Mercury,2. Upavesha- Sitting
D1,Ke,Jupiter,8. Aagama- Aproaching
D1,Ke,Venus,2. Upavesha- Sitting
D1,Ke,Saturn,2. Upavesha- Sitting
D1,Ke,Rahu,2. Upavesha- Sitting
D1,Ke,Ketu,5. Gamana- Departing
D1,Ve,Sun,9. Bhojana- Eating
D1,Ve,Moon,7. Sabhaayaam- Congregating
D1,Ve,Mars,12. Nidra- Slumbering
D1,Ve,Mercury,3. Netrapani- Guiding the Hand
D1,Ve,Jupiter,9. Bhojana- Eating
D1,Ve,Venus,3. Netrapani- Guiding the Hand
D1,Ve,Saturn,3. Netrapani- Guiding the Hand
D1,Ve,Rahu,3. Netrapani- Guiding the Hand
D1,Ve,Ketu,6. Aagamana- Arriving
D1,Su,Sun,10. Nrityalipsa- Desiring to Dance
D1,Su,Moon,8. Aagama- Aproaching
D1,Su,Mars,1. Shayana- Laying
D1,Su,Mercury,4. Prakaashana- Illuminating
D1,Su,Jupiter,10. Nrityalipsa- Desiring to Dance
D1,Su,Venus,4. Prakaashana- Illuminating
D1,Su,Saturn,4. Prakaashana- Illuminating
D1,Su,Rahu,4. Prakaashana- Illuminating
D1,Su,Ketu,7. Sabhaayaam- Congregating
D1,Mo,Sun,11. Kautuka- Eagerness
D1,Mo,Moon,9. Bhojana- Eating
D1,Mo,Mars,2. Upavesha- Sitting
D1,Mo,Mercury,5. Gamana- Departing
D1,Mo,Jupiter,11. Kautuka- Eagerness
D1,Mo,Venus,5. Gamana- Departing
D1,Mo,Saturn,5. Gamana- Departing
D1,Mo,Rahu,5. Gamana- Departing
D1,Mo,Ketu,8. Aagama- Aproaching
D1,Ma,Sun,12. Nidra- Slumbering
D1,Ma,Moon,10. Nrityalipsa- Desiring to Dance
D1,Ma,Mars,3. Netrapani- Guiding the Hand
D1,Ma,Mercury,6. Aagamana- Arriving
D1,Ma,Jupiter,12. Nidra- Slumbering
D1,Ma,Venus,6. Aagamana- Arriving
D1,Ma,Saturn,6. Aagamana- Arriving
D1,Ma,Rahu,6. Aagamana- Arriving
D1,Ma,Ketu,9. Bhojana- Eating
D1,Ra,Sun,1. Shayana- Laying
D1,Ra,Moon,11. Kautuka- Eagerness
D1,Ra,Mars,4. Prakaashana- Illuminating
D1,Ra,Mercury,7. Sabhaayaam- Congregating
D1,Ra,Jupiter,1. Shayana- Laying
D1,Ra,Venus,7. Sabhaayaam- Congregating
D1,Ra,Saturn,7. Sabhaayaam- Congregating
D1,Ra,Rahu,7. Sabhaayaam- Congregating
D1,Ra,Ketu,10. Nrityalipsa- Desiring to Dance
D1,Ju,Sun,2. Upavesha- Sitting
D1,Ju,Moon,12. Nidra- Slumbering
D1,Ju,Mars,5. Gamana- Departing
D1,Ju,Mercury,8. Aagama- Aproaching
D1,Ju,Jupiter,2. Upavesha- Sitting
D1,Ju,Venus,8. Aagama- Aproaching
D1,Ju,Saturn,8. Aagama- Aproaching
D1,Ju,Rahu,8. Aagama- Aproaching
D1,Ju,Ketu,11. Kautuka- Eagerness
D1,Sa,Sun,3. Netrapani- Guiding the Hand
D1,Sa,Moon,1. Shayana- Laying
D1,Sa,Mars,6. Aagamana- Arriving
D1,Sa,Mercury,9. Bhojana- Eating
D1,Sa,Jupiter,3. Netrapani- Guiding the Hand
D1,Sa,Venus,9. Bhojana- Eating
D1,Sa,Saturn,9. Bhojana- Eating
D1,Sa,Rahu,9. Bhojana- Eating
D1,Sa,Ketu,12. Nidra- Slumbering
D2,Me,Sun,4. Prakaashana- Illuminating
D2,Me,Moon,1. Shayana- Laying
D2,Me,Mars,1. Shayana- Laying
D2,Me,Mercury,7. Sabhaayaam- Congregating
D2,Me,Jupiter,2. Upavesha- Sitting
D2,Me,Venus,7. Sabhaayaam- Congregating
D2,Me,Saturn,9. Bhojana- Eating
D2,Me,Rahu,7. Sabhaayaam- Congregating
D2,Me,Ketu,1. Shayana- Laying
D2,Ke,Sun,5. Gamana- Departing
D2,Ke,Moon,2. Upavesha- Sitting
D2,Ke,Mars,2. Upavesha- Sitting
D2,Ke,Mercury,8. Aagama- Aproaching
D2,Ke,Jupiter,3. Netrapani- Guiding the Hand
D2,Ke,Venus,8. Aagama- Aproaching
D2,Ke,Saturn,10. Nrityalipsa- Desiring to Dance
D2,Ke,Rahu,8. Aagama- Aproaching
D2,Ke,Ketu,2. Upavesha- Sitting
D2,Ve,Sun,6. Aagamana- Arriving
D2,Ve,Moon,3. Netrapani- Guiding the Hand
D2,Ve,Mars,3. Netrapani- Guiding the Hand
D2,Ve,Mercury,9. Bhojana- Eating
D2,Ve,Jupiter,4. Prakaashana- Illuminating
D2,Ve,Venus,9. Bhojana- Eating
D2,Ve,Saturn,11. Kautuka- Eagerness
D2,Ve,Rahu,9. Bhojana- Eating
D2,Ve,Ketu,3. Netrapani- Guiding the Hand
D2,Su,Sun,7. Sabhaayaam- Congregating
D2,Su,Moon,4. Prakaashana- Illuminating
D2,Su,Mars,4. Prakaashana- Illuminating
D2,Su,Mercury,10. Nrityalipsa- Desiring to Dance
D2,Su,Jupiter,5. Gamana- Departing
D2,Su,Venus,10. Nrityalipsa- Desiring to Dance
D2,Su,Saturn,12. Nidra- Slumbering
D2,Su,Rahu,10. Nrityalipsa- Desiring to Dance
D2,Su,Ketu,4. Prakaashana- Illuminating
D2,Mo,Sun,8. Aagama- Aproaching
D2,Mo,Moon,5. Gamana- Departing
D2,Mo,Mars,5. Gamana- Departing
D2,Mo,Mercury,11. Kautuka- Eagerness
D2,Mo,Jupiter,6. Aagamana- Arriving
D2,Mo,Venus,11. Kautuka- Eagerness
D2,Mo,Saturn,1. Shayana- Laying
D2,Mo,Rahu,11. Kautuka- Eagerness
D2,Mo,Ketu,5. Gamana- Departing
D2,Ma,Sun,9. Bhojana- Eating
D2,Ma,Moon,6. Aagamana- Arriving
D2,Ma,Mars,6. Aagamana- Arriving
D2,Ma,Mercury,12. Nidra- Slumbering
D2,Ma,Jupiter,7. Sabhaayaam- Congregating
D2,Ma,Venus,12. Nidra- Slumbering
D2,Ma,Saturn,2. Upavesha- Sitting
D2,Ma,Rahu,12. Nidra- Slumbering
D2,Ma,Ketu,6. Aagamana- Arriving
D2,Ra,Sun,10. Nrityalipsa- Desiring to Dance
D2,Ra,Moon,7. Sabhaayaam- Congregating
D2,Ra,Mars,7. Sabhaayaam- Congregating
D2,Ra,Mercury,1. Shayana- Laying
D2,Ra,Jupiter,8. Aagama- Aproaching
D2,Ra,Venus,1. Shayana- Laying
D2,Ra,Saturn,3. Netrapani- Guiding the Hand
D2,Ra,Rahu,1. Shayana- Laying
D2,Ra,Ketu,7. Sabhaayaam- Congregating
D2,Ju,Sun,11. Kautuka- Eagerness
D2,Ju,Moon,8. Aagama- Aproaching
D2,Ju,Mars,8. Aagama- Aproaching
D2,Ju,Mercury,2. Upavesha- Sitting
D2,Ju,Jupiter,9. Bhojana- Eating
D2,Ju,Venus,2. Upavesha- Sitting
D2,Ju,Saturn,4. Prakaashana- Illuminating
D2,Ju,Rahu,2. Upavesha- Sitting
D2,Ju,Ketu,8. Aagama- Aproaching
D2,Sa,Sun,12. Nidra- Slumbering
D2,Sa,Moon,9. Bhojana- Eating
D2,Sa,Mars,9. Bhojana- Eating
D2,Sa,Mercury,3. Netrapani- Guiding the Hand
D2,Sa,Jupiter,10. Nrityalipsa- Desiring to Dance
D2,Sa,Venus,3. Netrapani- Guiding the Hand
D2,Sa,Saturn,5. Gamana- Departing
D2,Sa,Rahu,3. Netrapani- Guiding the Hand
D2,Sa,Ketu,9. Bhojana- Eating
D3,Me,Sun,2. Upavesha- Sitting
D3,Me,Moon,1. Shayana- Laying
D3,Me,Mars,6. Aagamana- Arriving
D3,Me,Mercury,5. Gamana- Departing
D3,Me,Jupiter,8. Aagama- Aproaching
D3,Me,Venus,9. Bhojana- Eating
D3,Me,Saturn,1. Shayana- Laying
D3,Me,Rahu,9. Bhojana- Eating
D3,Me,Ketu,6. Aagamana- Arriving
D3,Ke,Sun,3. Netrapani- Guiding the Hand
D3,Ke,Moon,2. Upavesha- Sitting
D3,Ke,Mars,7. Sabhaayaam- Congregating
D3,Ke,Mercury,6. Aagamana- Arriving
D3,Ke,Jupiter,9. Bhojana- Eating
D3,Ke,Venus,10. Nrityalipsa- Desiring to Dance
D3,Ke,Saturn,2. Upavesha- Sitting
D3,Ke,Rahu,10. Nrityalipsa- Desiring to Dance
D3,Ke,Ketu,7. Sabhaayaam- Congregating
D3,Ve,Sun,4. Prakaashana- Illuminating
D3,Ve,Moon,3. Netrapani- Guiding the Hand
D3,Ve,Mars,8. Aagama- Aproaching
D3,Ve,Mercury,7. Sabhaayaam- Congregating
D3,Ve,Jupiter,10. Nrityalipsa- Desiring to Dance
D3,Ve,Venus,11. Kautuka- Eagerness
D3,Ve,Saturn,3. Netrapani- Guiding the Hand
D3,Ve,Rahu,11. Kautuka- Eagerness
D3,Ve,Ketu,8. Aagama- Aproaching
D3,Su,Sun,5. Gamana- Departing
D3,Su,Moon,4. Prakaashana- Illuminating
D3,Su,Mars,9. Bhojana- Eating
D3,Su,Mercury,8. Aagama- Aproaching
D3,Su,Jupiter,11. Kautuka- Eagerness
D3,Su,Venus,12. Nidra- Slumbering
D3,Su,Saturn,4. Prakaashana- Illuminating
D3,Su,Rahu,12. Nidra- Slumbering
D3,Su,Ketu,9. Bhojana- Eating
D3,Mo,Sun,6. Aagamana- Arriving
D3,Mo,Moon,5. Gamana- Departing
D3,Mo,Mars,10. Nrityalipsa- Desiring to Dance
D3,Mo,Mercury,9. Bhojana- Eating
D3,Mo,Jupiter,12. Nidra- Slumbering
D3,Mo,Venus,1. Shayana- Laying
D3,Mo,Saturn,5. Gamana- Departing
D3,Mo,Rahu,1. Shayana- Laying
D3,Mo,Ketu,10. Nrityalipsa- Desiring to Dance
D3,Ma,Sun,7. Sabhaayaam- Congregating
D3,Ma,Moon,6. Aagamana- Arriving
D3,Ma,Mars,11. Kautuka- Eagerness
D3,Ma,Mercury,10. Nrityalipsa- Desiring to Dance
D3,Ma,Jupiter,1. Shayana- Laying
D3,Ma,Venus,2. Upavesha- Sitting
D3,Ma,Saturn,6. Aagamana- Arriving
D3,Ma,Rahu,2. Upavesha- Sitting
D3,Ma,Ketu,11. Kautuka- Eagerness
D3,Ra,Sun,8. Aagama- Aproaching
D3,Ra,Moon,7. Sabhaayaam- Congregating
D3,Ra,Mars,12. Nidra- Slumbering
D3,Ra,Mercury,11. Kautuka- Eagerness
D3,Ra,Jupiter,2. Upavesha- Sitting
D3,Ra,Venus,3. Netrapani- Guiding the Hand
D3,Ra,Saturn,7. Sabhaayaam- Congregating
D3,Ra,Rahu,3. Netrapani- Guiding the Hand
D3,Ra,Ketu,12. Nidra- Slumbering
D3,Ju,Sun,9. Bhojana- Eating
D3,Ju,Moon,8. Aagama- Aproaching
D3,Ju,Mars,1. Shayana- Laying
D3,Ju,Mercury,12. Nidra- Slumbering
D3,Ju,Jupiter,3. Netrapani- Guiding the Hand
D3,Ju,Venus,4. Prakaashana- Illuminating
D3,Ju,Saturn,8. Aagama- Aproaching
D3,Ju,Rahu,4. Prakaashana- Illuminating
D3,Ju,Ketu,1. Shayana- Laying
D3,Sa,Sun,10. Nrityalipsa- Desiring to Dance
D3,Sa,Moon,9. Bhojana- Eating
D3,Sa,Mars,2. Upavesha- Sitting
D3,Sa,Mercury,1. Shayana- Laying
D3,Sa,Jupiter,4. Prakaashana- Illuminating
D3,Sa,Venus,5. Gamana- Departing
D3,Sa,Saturn,9. Bhojana- Eating
D3,Sa,Rahu,5. Gamana- Departing
D3,Sa,Ketu,2. Upavesha- Sitting
D4,Me,Sun,10. Nrityalipsa- Desiring to Dance
D4,Me,Moon,2. Upavesha- Sitting
D4,Me,Mars,10. Nrityalipsa- Desiring to Dance
D4,Me,Mercury,10. Nrityalipsa- Desiring to Dance
D4,Me,Jupiter,12. Nidra- Slumbering
D4,Me,Venus,4. Prakaashana- Illuminating
D4,Me,Saturn,2. Upavesha- Sitting
D4,Me,Rahu,10. Nrityalipsa- Desiring to Dance
D4,Me,Ketu,10. Nrityalipsa- Desiring to Dance
D4,Ke,Sun,11. Kautuka- Eagerness
D4,Ke,Moon,3. Netrapani- Guiding the Hand
D4,Ke,Mars,11. Kautuka- Eagerness
D4,Ke,Mercury,11. Kautuka- Eagerness
D4,Ke,Jupiter,1. Shayana- Laying
D4,Ke,Venus,5. Gamana- Departing
D4,Ke,Saturn,3. Netrapani- Guiding the Hand
D4,Ke,Rahu,11. Kautuka- Eagerness
D4,Ke,Ketu,11. Kautuka- Eagerness
D4,Ve,Sun,12. Nidra- Slumbering
D4,Ve,Moon,4. Prakaashana- Illuminating
D4,Ve,Mars,12. Nidra- Slumbering
D4,Ve,Mercury,12. Nidra- Slumbering
D4,Ve,Jupiter,2. Upavesha- Sitting
D4,Ve,Venus,6. Aagamana- Arriving
D4,Ve,Saturn,4. Prakaashana- Illuminating
D4,Ve,Rahu,12. Nidra- Slumbering
D4,Ve,Ketu,12. Nidra- Slumbering
D4,Su,Sun,1. Shayana- Laying
D4,Su,Moon,5. Gamana- Departing
D4,Su,Mars,1. Shayana- Laying
D4,Su,Mercury,1. Shayana- Laying
D4,Su,Jupiter,3. Netrapani- Guiding the Hand
D4,Su,Venus,7. Sabhaayaam- Congregating
D4,Su,Saturn,5. Gamana- Departing
D4,Su,Rahu,1. Shayana- Laying
D4,Su,Ketu,1. Shayana- Laying
D4,Mo,Sun,2. Upavesha- Sitting
D4,Mo,Moon,6. Aagamana- Arriving
D4,Mo,Mars,2. Upavesha- Sitting
D4,Mo,Mercury,2. Upavesha- Sitting
D4,Mo,Jupiter,4. Prakaashana- Illuminating
D4,Mo,Venus,8. Aagama- Aproaching
D4,Mo,Saturn,6. Aagamana- Arriving
D4,Mo,Rahu,2. Upavesha- Sitting
D4,Mo,Ketu,2. Upavesha- Sitting
D4,Ma,Sun,3. Netrapani- Guiding the Hand
D4,Ma,Moon,7. Sabhaayaam- Congregating
D4,Ma,Mars,3. Netrapani- Guiding the Hand
D4,Ma,Mercury,3. Netrapani- Guiding the Hand
D4,Ma,Jupiter,5. Gamana- Departing
D4,Ma,Venus,9. Bhojana- Eating
D4,Ma,Saturn,7. Sabhaayaam- Congregating
D4,Ma,Rahu,3. Netrapani- Guiding the Hand
D4,Ma,Ketu,3. Netrapani- Guiding the Hand
D4,Ra,Sun,4. Prakaashana- Illuminating
D4,Ra,Moon,8. Aagama- Aproaching
D4,Ra,Mars,4. Prakaashana- Illuminating
D4,Ra,Mercury,4. Prakaashana- Illuminating
D4,Ra,Jupiter,6. Aagamana- Arriving
D4,Ra,Venus,10. Nrityalipsa- Desiring to Dance
D4,Ra,Saturn,8. Aagama- Aproaching
D4,Ra,Rahu,4. Prakaashana- Illuminating
D4,Ra,Ketu,4. Prakaashana- Illuminating
D4,Ju,Sun,5. Gamana- Departing
D4,Ju,Moon,9. Bhojana- Eating
D4,Ju,Mars,5. Gamana- Departing
D4,Ju,Mercury,5. Gamana- Departing
D4,Ju,Jupiter,7. Sabhaayaam- Congregating
D4,Ju,Venus,11. Kautuka- Eagerness
D4,Ju,Saturn,9. Bhojana- Eating
D4,Ju,Rahu,5. Gamana- Departing
D4,Ju,Ketu,5. Gamana- Departing
D4,Sa,Sun,6. Aagamana- Arriving
D4,Sa,Moon,10. Nrityalipsa- Desiring to Dance
D4,Sa,Mars,6. Aagamana- Arriving
D4,Sa,Mercury,6. Aagamana- Arriving
D4,Sa,Jupiter,8. Aagama- Aproaching
D4,Sa,Venus,12. Nidra- Slumbering
D4,Sa,Saturn,10. Nrityalipsa- Desiring to Dance
D4,Sa,Rahu,6. Aagamana- Arriving
D4,Sa,Ketu,6. Aagamana- Arriving
D7,Me,Sun,1. Shayana- Laying
D7,Me,Moon,5. Gamana- Departing
D7,Me,Mars,4. Prakaashana- Illuminating
D7,Me,Mercury,9. Bhojana- Eating
D7,Me,Jupiter,3. Netrapani- Guiding the Hand
D7,Me,Venus,1. Shayana- Laying
D7,Me,Saturn,5. Gamana- Departing
D7,Me,Rahu,1. Shayana- Laying
D7,Me,Ketu,10. Nrityalipsa- Desiring to Dance
D7,Ke,Sun,2. Upavesha- Sitting
D7,Ke,Moon,6. Aagamana- Arriving
D7,Ke,Mars,5. Gamana- Departing
D7,Ke,Mercury,10. Nrityalipsa- Desiring to Dance
D7,Ke,Jupiter,4. Prakaashana- Illuminating
D7,Ke,Venus,2. Upavesha- Sitting
D7,Ke,Saturn,6. Aagamana- Arriving
D7,Ke,Rahu,2. Upavesha- Sitting
D7,Ke,Ketu,11. Kautuka- Eagerness
D7,Ve,Sun,3. Netrapani- Guiding the Hand
D7,Ve,Moon,7. Sabhaayaam- Congregating
D7,Ve,Mars,6. Aagamana- Arriving
D7,Ve,Mercury,11. Kautuka- Eagerness
D7,Ve,Jupiter,5. Gamana- Departing
D7,Ve,Venus,3. Netrapani- Guiding the Hand
D7,Ve,Saturn,7. Sabhaayaam- Congregating
D7,Ve,Rahu,3. Netrapani- Guiding the Hand
D7,Ve,Ketu,12. Nidra- Slumbering
D7,Su,Sun,4. Prakaashana- Illuminating
D7,Su,Moon,8. Aagama- Aproaching
D7,Su,Mars,7. Sabhaayaam- Congregating
D7,Su,Mercury,12. Nidra- Slumbering
D7,Su,Jupiter,6. Aagamana- Arriving
D7,Su,Venus,4. Prakaashana- Illuminating
D7,Su,Saturn,8. Aagama- Aproaching
D7,Su,Rahu,4. Prakaashana- Illuminating
D7,Su,Ketu,1. Shayana- Laying
D7,Mo,Sun,5. Gamana- Departing
D7,Mo,Moon,9. Bhojana- Eating
D7,Mo,Mars,8. Aagama- Aproaching
D7,Mo,Mercury,1. Shayana- Laying
D7,Mo,Jupiter,7. Sabhaayaam- Congregating
D7,Mo,Venus,5. Gamana- Departing
D7,Mo,Saturn,9. Bhojana- Eating
D7,Mo,Rahu,5. Gamana- Departing
D7,Mo,Ketu,2. Upavesha- Sitting
D7,Ma,Sun,6. Aagamana- Arriving
D7,Ma,Moon,10. Nrityalipsa- Desiring to Dance
D7,Ma,Mars,9. Bhojana- Eating
D7,Ma,Mercury,2. Upavesha- Sitting
D7,Ma,Jupiter,8. Aagama- Aproaching
D7,Ma,Venus,6. Aagamana- Arriving
D7,Ma,Saturn,10. Nrityalipsa- Desiring to Dance
D7,Ma,Rahu,6. Aagamana- Arriving
D7,Ma,Ketu,3. Netrapani- Guiding the Hand
D7,Ra,Sun,7. Sabhaayaam- Congregating
D7,Ra,Moon,11. Kautuka- Eagerness
D7,Ra,Mars,10. Nrityalipsa- Desiring to Dance
D7,Ra,Mercury,3. Netrapani- Guiding the Hand
D7,Ra,Jupiter,9. Bhojana- Eating
D7,Ra,Venus,7. Sabhaayaam- Congregating
D7,Ra,Saturn,11. Kautuka- Eagerness
D7,Ra,Rahu,7. Sabhaayaam- Congregating
D7,Ra,Ketu,4. Prakaashana- Illuminating
D7,Ju,Sun,8. Aagama- Aproaching
D7,Ju,Moon,12. Nidra- Slumbering
D7,Ju,Mars,11. Kautuka- Eagerness
D7,Ju,Mercury,4. Prakaashana- Illuminating
D7,Ju,Jupiter,10. Nrityalipsa- Desiring to Dance
D7,Ju,Venus,8. Aagama- Aproaching
D7,Ju,Saturn,12. Nidra- Slumbering
D7,Ju,Rahu,8. Aagama- Aproaching
D7,Ju,Ketu,5. Gamana- Departing
D7,Sa,Sun,9. Bhojana- Eating
D7,Sa,Moon,1. Shayana- Laying
D7,Sa,Mars,12. Nidra- Slumbering
D7,Sa,Mercury,5. Gamana- Departing
D7,Sa,Jupiter,11. Kautuka- Eagerness
D7,Sa,Venus,9. Bhojana- Eating
D7,Sa,Saturn,1. Shayana- Laying
D7,Sa,Rahu,9. Bhojana- Eating
D7,Sa,Ketu,6. Aagamana- Arriving
D9,Me,Sun,8. Aagama- Aproaching
D9,Me,Moon,5. Gamana- Departing
D9,Me,Mars,9. Bhojana- Eating
D9,Me,Mercury,9. Bhojana- Eating
D9,Me,Jupiter,3. Netrapani- Guiding the Hand
D9,Me,Venus,9. Bhojana- Eating
D9,Me,Saturn,6. Aagamana- Arriving
D9,Me,Rahu,9. Bhojana- Eating
D9,Me,Ketu,12. Nidra- Slumbering
D9,Ke,Sun,9. Bhojana- Eating
D9,Ke,Moon,6. Aagamana- Arriving
D9,Ke,Mars,10. Nrityalipsa- Desiring to Dance
D9,Ke,Mercury,10. Nrityalipsa- Desiring to Dance
D9,Ke,Jupiter,4. Prakaashana- Illuminating
D9,Ke,Venus,10. Nrityalipsa- Desiring to Dance
D9,Ke,Saturn,7. Sabhaayaam- Congregating
D9,Ke,Rahu,10. Nrityalipsa- Desiring to Dance
D9,Ke,Ketu,1. Shayana- Laying
D9,Ve,Sun,10. Nrityalipsa- Desiring to Dance
D9,Ve,Moon,7. Sabhaayaam- Congregating
D9,Ve,Mars,11. Kautuka- Eagerness
D9,Ve,Mercury,11. Kautuka- Eagerness
D9,Ve,Jupiter,5. Gamana- Departing
D9,Ve,Venus,11. Kautuka- Eagerness
D9,Ve,Saturn,8. Aagama- Aproaching
D9,Ve,Rahu,11. Kautuka- Eagerness
D9,Ve,Ketu,2. Upavesha- Sitting
D9,Su,Sun,11. Kautuka- Eagerness
D9,Su,Moon,8. Aagama- Aproaching
D9,Su,Mars,12. Nidra- Slumbering
D9,Su,Mercury,12. Nidra- Slumbering
D9,Su,Jupiter,6. Aagamana- Arriving
D9,Su,Venus,12. Nidra- Slumbering
D9,Su,Saturn,9. Bhojana- Eating
D9,Su,Rahu,12. Nidra- Slumbering
D9,Su,Ketu,3. Netrapani- Guiding the Hand
D9,Mo,Sun,12. Nidra- Slumbering
D9,Mo,Moon,9. Bhojana- Eating
D9,Mo,Mars,1. Shayana- Laying
D9,Mo,Mercury,1. Shayana- Laying
D9,Mo,Jupiter,7. Sabhaayaam- Congregating
D9,Mo,Venus,1. Shayana- Laying
D9,Mo,Saturn,10. Nrityalipsa- Desiring to Dance
D9,Mo,Rahu,1. Shayana- Laying
D9,Mo,Ketu,4. Prakaashana- Illuminating
D9,Ma,Sun,1. Shayana- Laying
D9,Ma,Moon,10. Nrityalipsa- Desiring to Dance
D9,Ma,Mars,2. Upavesha- Sitting
D9,Ma,Mercury,2. Upavesha- Sitting
D9,Ma,Jupiter,8. Aagama- Aproaching
D9,Ma,Venus,2. Upavesha- Sitting
D9,Ma,Saturn,11. Kautuka- Eagerness
D9,Ma,Rahu,2. Upavesha- Sitting
D9,Ma,Ketu,5. Gamana- Departing
D9,Ra,Sun,2. Upavesha- Sitting
D9,Ra,Moon,11. Kautuka- Eagerness
D9,Ra,Mars,3. Netrapani- Guiding the Hand
D9,Ra,Mercury,3. Netrapani- Guiding the Hand
D9,Ra,Jupiter,9. Bhojana- Eating
D9,Ra,Venus,3. Netrapani- Guiding the Hand
D9,Ra,Saturn,12. Nidra- Slumbering
D9,Ra,Rahu,3. Netrapani- Guiding the Hand
D9,Ra,Ketu,6. Aagamana- Arriving
D9,Ju,Sun,3. Netrapani- Guiding the Hand
D9,Ju,Moon,12. Nidra- Slumbering
D9,Ju,Mars,4. Prakaashana- Illuminating
D9,Ju,Mercury,4. Prakaashana- Illuminating
D9,Ju,Jupiter,10. Nrityalipsa- Desiring to Dance
D9,Ju,Venus,4. Prakaashana- Illuminating
D9,Ju,Saturn,1. Shayana- Laying
D9,Ju,Rahu,4. Prakaashana- Illuminating
D9,Ju,Ketu,7. Sabhaayaam- Congregating
D9,Sa,Sun,4. Prakaashana- Illuminating
D9,Sa,Moon,1. Shayana- Laying
D9,Sa,Mars,5. Gamana- Departing
D9,Sa,Mercury,5. Gamana- Departing
D9,Sa,Jupiter,11. Kautuka- Eagerness
D9,Sa,Venus,5. Gamana- Departing
D9,Sa,Saturn,2. Upavesha- Sitting
D9,Sa,Rahu,5. Gamana- Departing
D9,Sa,Ketu,8. Aagama- Aproaching
D10,Me,Sun,9. Bhojana- Eating
D10,Me,Moon,2. Upavesha- Sitting
D10,Me,Mars,12. Nidra- Slumbering
D10,Me,Mercury,8. Aagama- Aproaching
D10,Me,Jupiter,6. Aagamana- Arriving
D10,Me,Venus,12. Nidra- Slumbering
D10,Me,Saturn,12. Nidra- Slumbering
D10,Me,Rahu,12. Nidra- Slumbering
D10,Me,Ketu,3. Netrapani- Guiding the Hand
D10,Ke,Sun,10. Nrityalipsa- Desiring to Dance
D10,Ke,Moon,3. Netrapani- Guiding the Hand
D10,Ke,Mars,1. Shayana- Laying
D10,Ke,Mercury,9. Bhojana- Eating
D10,Ke,Jupiter,7. Sabhaayaam- Congregating
D10,Ke,Venus,1. Shayana- Laying
D10,Ke,Saturn,1. Shayana- Laying
D10,Ke,Rahu,1. Shayana- Laying
D10,Ke,Ketu,4. Prakaashana- Illuminating
D10,Ve,Sun,11. Kautuka- Eagerness
D10,Ve,Moon,4. Prakaashana- Illuminating
D10,Ve,Mars,2. Upavesha- Sitting
D10,Ve,Mercury,10. Nrityalipsa- Desiring to Dance
D10,Ve,Jupiter,8. Aagama- Aproaching
D10,Ve,Venus,2. Upavesha- Sitting
D10,Ve,Saturn,2. Upavesha- Sitting
D10,Ve,Rahu,2. Upavesha- Sitting
D10,Ve,Ketu,5. Gamana- Departing
D10,Su,Sun,12. Nidra- Slumbering
D10,Su,Moon,5. Gamana- Departing
D10,Su,Mars,3. Netrapani- Guiding the Hand
D10,Su,Mercury,11. Kautuka- Eagerness
D10,Su,Jupiter,9. Bhojana- Eating
D10,Su,Venus,3. Netrapani- Guiding the Hand
D10,Su,Saturn,3. Netrapani- Guiding the Hand
D10,Su,Rahu,3. Netrapani- Guiding the Hand
D10,Su,Ketu,6. Aagamana- Arriving
D10,Mo,Sun,1. Shayana- Laying
D10,Mo,Moon,6. Aagamana- Arriving
D10,Mo,Mars,4. Prakaashana- Illuminating
D10,Mo,Mercury,12. Nidra- Slumbering
D10,Mo,Jupiter,10. Nrityalipsa- Desiring to Dance
D10,Mo,Venus,4. Prakaashana- Illuminating
D10,Mo,Saturn,4. Prakaashana- Illuminating
D10,Mo,Rahu,4. Prakaashana- Illuminating
D10,Mo,Ketu,7. Sabhaayaam- Congregating
D10,Ma,Sun,2. Upavesha- Sitting
D10,Ma,Moon,7. Sabhaayaam- Congregating
D10,Ma,Mars,5. Gamana- Departing
D10,Ma,Mercury,1. Shayana- Laying
D10,Ma,Jupiter,11. Kautuka- Eagerness
D10,Ma,Venus,5. Gamana- Departing
D10,Ma,Saturn,5. Gamana- Departing
D10,Ma,Rahu,5. Gamana- Departing
D10,Ma,Ketu,8. Aagama- Aproaching
D10,Ra,Sun,3. Netrapani- Guiding the Hand
D10,Ra,Moon,8. Aagama- Aproaching
D10,Ra,Mars,6. Aagamana- Arriving
D10,Ra,Mercury,2. Upavesha- Sitting
D10,Ra,Jupiter,12. Nidra- Slumbering
D10,Ra,Venus,6. Aagamana- Arriving
D10,Ra,Saturn,6. Aagamana- Arriving
D10,Ra,Rahu,6. Aagamana- Arriving
D10,Ra,Ketu,9. Bhojana- Eating
D10,Ju,Sun,4. Prakaashana- Illuminating
D10,Ju,Moon,9. Bhojana- Eating
D10,Ju,Mars,7. Sabhaayaam- Congregating
D10,Ju,Mercury,3. Netrapani- Guiding the Hand
D10,Ju,Jupiter,1. Shayana- Laying
D10,Ju,Venus,7. Sabhaayaam- Congregating
D10,Ju,Saturn,7. Sabhaayaam- Congregating
D10,Ju,Rahu,7. Sabhaayaam- Congregating
D10,Ju,Ketu,10. Nrityalipsa- Desiring to Dance
D10,Sa,Sun,5. Gamana- Departing
D10,Sa,Moon,10. Nrityalipsa- Desiring to Dance
D10,Sa,Mars,8. Aagama- Aproaching
D10,Sa,Mercury,4. Prakaashana- Illuminating
D10,Sa,Jupiter,2. Upavesha- Sitting
D10,Sa,Venus,8. Aagama- Aproaching
D10,Sa,Saturn,8. Aagama- Aproaching
D10,Sa,Rahu,8. Aagama- Aproaching
D10,Sa,Ketu,11. Kautuka- Eagerness
D12,Me,Sun,12. Nidra- Slumbering
D12,Me,Moon,12. Nidra- Slumbering
D12,Me,Mars,3. Netrapani- Guiding the Hand
D12,Me,Mercury,8. Aagama- Aproaching
D12,Me,Jupiter,6. Aagamana- Arriving
D12,Me,Venus,12. Nidra- Slumbering
D12,Me,Saturn,2. Upavesha- Sitting
D12,Me,Rahu,12. Nidra- Slumbering
D12,Me,Ketu,9. Bhojana- Eating
D12,Ke,Sun,1. Shayana- Laying
D12,Ke,Moon,1. Shayana- Laying
D12,Ke,Mars,4. Prakaashana- Illuminating
D12,Ke,Mercury,9. Bhojana- Eating
D12,Ke,Jupiter,7. Sabhaayaam- Congregating
D12,Ke,Venus,1. Shayana- Laying
D12,Ke,Saturn,3. Netrapani- Guiding the Hand
D12,Ke,Rahu,1. Shayana- Laying
D12,Ke,Ketu,10. Nrityalipsa- Desiring to Dance
D12,Ve,Sun,2. Upavesha- Sitting
D12,Ve,Moon,2. Upavesha- Sitting
D12,Ve,Mars,5. Gamana- Departing
D12,Ve,Mercury,10. Nrityalipsa- Desiring to Dance
D12,Ve,Jupiter,8. Aagama- Aproaching
D12,Ve,Venus,2. Upavesha- Sitting
D12,Ve,Saturn,4. Prakaashana- Illuminating
D12,Ve,Rahu,2. Upavesha- Sitting
D12,Ve,Ketu,11. Kautuka- Eagerness
D12,Su,Sun,3. Netrapani- Guiding the Hand
D12,Su,Moon,3. Netrapani- Guiding the Hand
D12,Su,Mars,6. Aagamana- Arriving
D12,Su,Mercury,11. Kautuka- Eagerness
D12,Su,Jupiter,9. Bhojana- Eating
D12,Su,Venus,3. Netrapani- Guiding the Hand
D12,Su,Saturn,5. Gamana- Departing
D12,Su,Rahu,3. Netrapani- Guiding the Hand
D12,Su,Ketu,12. Nidra- Slumbering
D12,Mo,Sun,4. Prakaashana- Illuminating
D12,Mo,Moon,4. Prakaashana- Illuminating
D12,Mo,Mars,7. Sabhaayaam- Congregating
D12,Mo,Mercury,12. Nidra- Slumbering
D12,Mo,Jupiter,10. Nrityalipsa- Desiring to Dance
D12,Mo,Venus,4. Prakaashana- Illuminating
D12,Mo,Saturn,6. Aagamana- Arriving
D12,Mo,Rahu,4. Prakaashana- Illuminating
D12,Mo,Ketu,1. Shayana- Laying
D12,Ma,Sun,5. Gamana- Departing
D12,Ma,Moon,5. Gamana- Departing
D12,Ma,Mars,8. Aagama- Aproaching
D12,Ma,Mercury,1. Shayana- Laying
D12,Ma,Jupiter,11. Kautuka- Eagerness
D12,Ma,Venus,5. Gamana- Departing
D12,Ma,Saturn,7. Sabhaayaam- Congregating
D12,Ma,Rahu,5. Gamana- Departing
D12,Ma,Ketu,2. Upavesha- Sitting
D12,Ra,Sun,6. Aagamana- Arriving
D12,Ra,Moon,6. Aagamana- Arriving
D12,Ra,Mars,9. Bhojana- Eating
D12,Ra,Mercury,2. Upavesha- Sitting
D12,Ra,Jupiter,12. Nidra- Slumbering
D12,Ra,Venus,6. Aagamana- Arriving
D12,Ra,Saturn,8. Aagama- Aproaching
D12,Ra,Rahu,6. Aagamana- Arriving
D12,Ra,Ketu,3. Netrapani- Guiding the Hand
D12,Ju,Sun,7. Sabhaayaam- Congregating
D12,Ju,Moon,7. Sabhaayaam- Congregating
D12,Ju,Mars,10. Nrityalipsa- Desiring to Dance
D12,Ju,Mercury,3. Netrapani- Guiding the Hand
D12,Ju,Jupiter,1. Shayana- Laying
D12,Ju,Venus,7. Sabhaayaam- Congregating
D12,Ju,Saturn,9. Bhojana- Eating
D12,Ju,Rahu,7. Sabhaayaam- Congregating
D12,Ju,Ketu,4. Prakaashana- Illuminating
D12,Sa,Sun,8. Aagama- Aproaching
D12,Sa,Moon,8. Aagama- Aproaching
D12,Sa,Mars,11. Kautuka- Eagerness
D12,Sa,Mercury,4. Prakaashana- Illuminating
D12,Sa,Jupiter,2. Upavesha- Sitting
D12,Sa,Venus,8. Aagama- Aproaching
D12,Sa,Saturn,10. Nrityalipsa- Desiring to Dance
D12,Sa,Rahu,8. Aagama- Aproaching
D12,Sa,Ketu,5. Gamana- Departing
D16,Me,Sun,9. Bhojana- Eating
D16,Me,Moon,1. Shayana- Laying
D16,Me,Mars,1. Shayana- Laying
D16,Me,Mercury,9. Bhojana- Eating
D16,Me,Jupiter,7. Sabhaayaam- Congregating
D16,Me,Venus,1. Shayana- Laying
D16,Me,Saturn,7. Sabhaayaam- Congregating
D16,Me,Rahu,1. Shayana- Laying
D16,Me,Ketu,4. Prakaashana- Illuminating
D16,Ke,Sun,10. Nrityalipsa- Desiring to Dance
D16,Ke,Moon,2. Upavesha- Sitting
D16,Ke,Mars,2. Upavesha- Sitting
D16,Ke,Mercury,10. Nrityalipsa- Desiring to Dance
D16,Ke,Jupiter,8. Aagama- Aproaching
D16,Ke,Venus,2. Upavesha- Sitting
D16,Ke,Saturn,8. Aagama- Aproaching
D16,Ke,Rahu,2. Upavesha- Sitting
D16,Ke,Ketu,5. Gamana- Departing
D16,Ve,Sun,11. Kautuka- Eagerness
D16,Ve,Moon,3. Netrapani- Guiding the Hand
D16,Ve,Mars,3. Netrapani- Guiding the Hand
D16,Ve,Mercury,11. Kautuka- Eagerness
D16,Ve,Jupiter,9. Bhojana- Eating
D16,Ve,Venus,3. Netrapani- Guiding the Hand
D16,Ve,Saturn,9. Bhojana- Eating
D16,Ve,Rahu,3. Netrapani- Guiding the Hand
D16,Ve,Ketu,6. Aagamana- Arriving
D16,Su,Sun,12. Nidra- Slumbering
D16,Su,Moon,4. Prakaashana- Illuminating
D16,Su,Mars,4. Prakaashana- Illuminating
D16,Su,Mercury,12. Nidra- Slumbering
D16,Su,Jupiter,10. Nrityalipsa- Desiring to Dance
D16,Su,Venus,4. Prakaashana- Illuminating
D16,Su,Saturn,10. Nrityalipsa- Desiring to Dance
D16,Su,Rahu,4. Prakaashana- Illuminating
D16,Su,Ketu,7. Sabhaayaam- Congregating
D16,Mo,Sun,1. Shayana- Laying
D16,Mo,Moon,5. Gamana- Departing
D16,Mo,Mars,5. Gamana- Departing
D16,Mo,Mercury,1. Shayana- Laying
D16,Mo,Jupiter,11. Kautuka- Eagerness
D16,Mo,Venus,5. Gamana- Departing
D16,Mo,Saturn,11. Kautuka- Eagerness
D16,Mo,Rahu,5. Gamana- Departing
D16,Mo,Ketu,8. Aagama- Aproaching
D16,Ma,Sun,2. Upavesha- Sitting
D16,Ma,Moon,6. Aagamana- Arriving
D16,Ma,Mars,6. Aagamana- Arriving
D16,Ma,Mercury,2. Upavesha- Sitting
D16,Ma,Jupiter,12. Nidra- Slumbering
D16,Ma,Venus,6. Aagamana- Arriving
D16,Ma,Saturn,12. Nidra- Slumbering
D16,Ma,Rahu,6. Aagamana- Arriving
D16,Ma,Ketu,9. Bhojana- Eating
D16,Ra,Sun,3. Netrapani- Guiding the Hand
D16,Ra,Moon,7. Sabhaayaam- Congregating
D16,Ra,Mars,7. Sabhaayaam- Congregating
D16,Ra,Mercury,3. Netrapani- Guiding the Hand
D16,Ra,Jupiter,1. Shayana- Laying
D16,Ra,Venus,7. Sabhaayaam- Congregating
D16,Ra,Saturn,1. Shayana- Laying
D16,Ra,Rahu,7. Sabhaayaam- Congregating
D16,Ra,Ketu,10. Nrityalipsa- Desiring to Dance
D16,Ju,Sun,4. Prakaashana- Illuminating
D16,Ju,Moon,8. Aagama- Aproaching
D16,Ju,Mars,8. Aagama- Aproaching
D16,Ju,Mercury,4. Prakaashana- Illuminating
D16,Ju,Jupiter,2. Upavesha- Sitting
D16,Ju,Venus,8. Aagama- Aproaching
D16,Ju,Saturn,2. Upavesha- Sitting
D16,Ju,Rahu,8. Aagama- Aproaching
D16,Ju,Ketu,11. Kautuka- Eagerness
D16,Sa,Sun,5. Gamana- Departing
D16,Sa,Moon,9. Bhojana- Eating
D16,Sa,Mars,9. Bhojana- Eating
D16,Sa,Mercury,5. Gamana- Departing
D16,Sa,Jupiter,3. Netrapani- Guiding the Hand
D16,Sa,Venus,9. Bhojana- Eating
D16,Sa,Saturn,3. Netrapani- Guiding the Hand
D16,Sa,Rahu,9. Bhojana- Eating
D16,Sa,Ketu,12. Nidra- Slumbering
D20,Me,Sun,10. Nrityalipsa- Desiring to Dance
D20,Me,Moon,5. Gamana- Departing
D20,Me,Mars,5. Gamana- Departing
D20,Me,Mercury,5. Gamana- Departing
D20,Me,Jupiter,5. Gamana- Departing
D20,Me,Venus,5. Gamana- Departing
D20,Me,Saturn,5. Gamana- Departing
D20,Me,Rahu,5. Gamana- Departing
D20,Me,Ketu,11. Kautuka- Eagerness
D20,Ke,Sun,11. Kautuka- Eagerness
D20,Ke,Moon,6. Aagamana- Arriving
D20,Ke,Mars,6. Aagamana- Arriving
D20,Ke,Mercury,6. Aagamana- Arriving
D20,Ke,Jupiter,6. Aagamana- Arriving
D20,Ke,Venus,6. Aagamana- Arriving
D20,Ke,Saturn,6. Aagamana- Arriving
D20,Ke,Rahu,6. Aagamana- Arriving
D20,Ke,Ketu,12. Nidra- Slumbering
D20,Ve,Sun,12. Nidra- Slumbering
D20,Ve,Moon,7. Sabhaayaam- Congregating
D20,Ve,Mars,7. Sabhaayaam- Congregating
D20,Ve,Mercury,7. Sabhaayaam- Congregating
D20,Ve,Jupiter,7. Sabhaayaam- Congregating
D20,Ve,Venus,7. Sabhaayaam- Congregating
D20,Ve,Saturn,7. Sabhaayaam- Congregating
D20,Ve,Rahu,7. Sabhaayaam- Congregating
D20,Ve,Ketu,1. Shayana- Laying
D20,Su,Sun,1. Shayana- Laying
D20,Su,Moon,8. Aagama- Aproaching
D20,Su,Mars,8. Aagama- Aproaching
D20,Su,Mercury,8. Aagama- Aproaching
D20,Su,Jupiter,8. Aagama- Aproaching
D20,Su,Venus,8. Aagama- Aproaching
D20,Su,Saturn,8. Aagama- Aproaching
D20,Su,Rahu,8. Aagama- Aproaching
D20,Su,Ketu,2. Upavesha- Sitting
D20,Mo,Sun,2. Upavesha- Sitting
D20,Mo,Moon,9. Bhojana- Eating
D20,Mo,Mars,9. Bhojana- Eating
D20,Mo,Mercury,9. Bhojana- Eating
D20,Mo,Jupiter,9. Bhojana- Eating
D20,Mo,Venus,9. Bhojana- Eating
D20,Mo,Saturn,9. Bhojana- Eating
D20,Mo,Rahu,9. Bhojana- Eating
D20,Mo,Ketu,3. Netrapani- Guiding the Hand
D20,Ma,Sun,3. Netrapani- Guiding the Hand
D20,Ma,Moon,10. Nrityalipsa- Desiring to Dance
D20,Ma,Mars,10. Nrityalipsa- Desiring to Dance
D20,Ma,Mercury,10. Nrityalipsa- Desiring to Dance
D20,Ma,Jupiter,10. Nrityalipsa- Desiring to Dance
D20,Ma,Venus,10. Nrityalipsa- Desiring to Dance
D20,Ma,Saturn,10. Nrityalipsa- Desiring to Dance
D20,Ma,Rahu,10. Nrityalipsa- Desiring to Dance
D20,Ma,Ketu,4. Prakaashana- Illuminating
D20,Ra,Sun,4. Prakaashana- Illuminating
D20,Ra,Moon,11. Kautuka- Eagerness
D20,Ra,Mars,11. Kautuka- Eagerness
D20,Ra,Mercury,11. Kautuka- Eagerness
D20,Ra,Jupiter,11. Kautuka- Eagerness
D20,Ra,Venus,11. Kautuka- Eagerness
D20,Ra,Saturn,11. Kautuka- Eagerness
D20,Ra,Rahu,11. Kautuka- Eagerness
D20,Ra,Ketu,5. Gamana- Departing
D20,Ju,Sun,5. Gamana- Departing
D20,Ju,Moon,12. Nidra- Slumbering
D20,Ju,Mars,12. Nidra- Slumbering
D20,Ju,Mercury,12. Nidra- Slumbering
D20,Ju,Jupiter,12. Nidra- Slumbering
D20,Ju,Venus,12. Nidra- Slumbering
D20,Ju,Saturn,12. Nidra- Slumbering
D20,Ju,Rahu,12. Nidra- Slumbering
D20,Ju,Ketu,6. Aagamana- Arriving
D20,Sa,Sun,6. Aagamana- Arriving
D20,Sa,Moon,1. Shayana- Laying
D20,Sa,Mars,1. Shayana- Laying
D20,Sa,Mercury,1. Shayana- Laying
D20,Sa,Jupiter,1. Shayana- Laying
D20,Sa,Venus,1. Shayana- Laying
D20,Sa,Saturn,1. Shayana- Laying
D20,Sa,Rahu,1. Shayana- Laying
D20,Sa,Ketu,7. Sabhaayaam- Congregating
D24,Me,Sun,11. Kautuka- Eagerness
D24,Me,Moon,8. Aagama- Aproaching
D24,Me,Mars,5. Gamana- Departing
D24,Me,Mercury,10. Nrityalipsa- Desiring to Dance
D24,Me,Jupiter,8. Aagama- Aproaching
D24,Me,Venus,2. Upavesha- Sitting
D24,Me,Saturn,2. Upavesha- Sitting
D24,Me,Rahu,6. Aagamana- Arriving
D24,Me,Ketu,8. Aagama- Aproaching
D24,Ke,Sun,12. Nidra- Slumbering
D24,Ke,Moon,9. Bhojana- Eating
D24,Ke,Mars,6. Aagamana- Arriving
D24,Ke,Mercury,11. Kautuka- Eagerness
D24,Ke,Jupiter,9. Bhojana- Eating
D24,Ke,Venus,3. Netrapani- Guiding the Hand
D24,Ke,Saturn,3. Netrapani- Guiding the Hand
D24,Ke,Rahu,7. Sabhaayaam- Congregating
D24,Ke,Ketu,9. Bhojana- Eating
D24,Ve,Sun,1. Shayana- Laying
D24,Ve,Moon,10. Nrityalipsa- Desiring to Dance
D24,Ve,Mars,7. Sabhaayaam- Congregating
D24,Ve,Mercury,12. Nidra- Slumbering
D24,Ve,Jupiter,10. Nrityalipsa- Desiring to Dance
D24,Ve,Venus,4. Prakaashana- Illuminating
D24,Ve,Saturn,4. Prakaashana- Illuminating
D24,Ve,Rahu,8. Aagama- Aproaching
D24,Ve,Ketu,10. Nrityalipsa- Desiring to Dance
D24,Su,Sun,2. Upavesha- Sitting
D24,Su,Moon,11. Kautuka- Eagerness
D24,Su,Mars,8. Aagama- Aproaching
D24,Su,Mercury,1. Shayana- Laying
D24,Su,Jupiter,11. Kautuka- Eagerness
D24,Su,Venus,5. Gamana- Departing
D24,Su,Saturn,5. Gamana- Departing
D24,Su,Rahu,9. Bhojana- Eating
D24,Su,Ketu,11. Kautuka- Eagerness
D24,Mo,Sun,3. Netrapani- Guiding the Hand
D24,Mo,Moon,12. Nidra- Slumbering
D24,Mo,Mars,9. Bhojana- Eating
D24,Mo,Mercury,2. Upavesha- Sitting
D24,Mo,Jupiter,12. Nidra- Slumbering
D24,Mo,Venus,6. Aagamana- Arriving
D24,Mo,Saturn,6. Aagamana- Arriving
D24,Mo,Rahu,10. Nrityalipsa- Desiring to Dance
D24,Mo,Ketu,12. Nidra- Slumbering
D24,Ma,Sun,4. Prakaashana- Illuminating
D24,Ma,Moon,1. Shayana- Laying
D24,Ma,Mars,10. Nrityalipsa- Desiring to Dance
D24,Ma,Mercury,3. Netrapani- Guiding the Hand
D24,Ma,Jupiter,1. Shayana- Laying
D24,Ma,Venus,7. Sabhaayaam- Congregating
D24,Ma,Saturn,7. Sabhaayaam- Congregating
D24,Ma,Rahu,11. Kautuka- Eagerness
D24,Ma,Ketu,1. Shayana- Laying
D24,Ra,Sun,5. Gamana- Departing
D24,Ra,Moon,2. Upavesha- Sitting
D24,Ra,Mars,11. Kautuka- Eagerness
D24,Ra,Mercury,4. Prakaashana- Illuminating
D24,Ra,Jupiter,2. Upavesha- Sitting
D24,Ra,Venus,8. Aagama- Aproaching
D24,Ra,Saturn,8. Aagama- Aproaching
D24,Ra,Rahu,12. Nidra- Slumbering
D24,Ra,Ketu,2. Upavesha- Sitting
D24,Ju,Sun,6. Aagamana- Arriving
D24,Ju,Moon,3. Netrapani- Guiding the Hand
D24,Ju,Mars,12. Nidra- Slumbering
D24,Ju,Mercury,5. Gamana- Departing
D24,Ju,Jupiter,3. Netrapani- Guiding the Hand
D24,Ju,Venus,9. Bhojana- Eating
D24,Ju,Saturn,9. Bhojana- Eating
D24,Ju,Rahu,1. Shayana- Laying
D24,Ju,Ketu,3. Netrapani- Guiding the Hand
D24,Sa,Sun,7. Sabhaayaam- Congregating
D24,Sa,Moon,4. Prakaashana- Illuminating
D24,Sa,Mars,1. Shayana- Laying
D24,Sa,Mercury,6. Aagamana- Arriving
D24,Sa,Jupiter,4. Prakaashana- Illuminating
D24,Sa,Venus,10. Nrityalipsa- Desiring to Dance
D24,Sa,Saturn,10. Nrityalipsa- Desiring to Dance
D24,Sa,Rahu,2. Upavesha- Sitting
D24,Sa,Ketu,4. Prakaashana- Illuminating
D27,Me,Sun,6. Aagamana- Arriving
D27,Me,Moon,9. Bhojana- Eating
D27,Me,Mars,9. Bhojana- Eating
D27,Me,Mercury,9. Bhojana- Eating
D27,Me,Jupiter,9. Bhojana- Eating
D27,Me,Venus,3. Netrapani- Guiding the Hand
D27,Me,Saturn,5. Gamana- Departing
D27,Me,Rahu,5. Gamana- Departing
D27,Me,Ketu,12. Nidra- Slumbering
D27,Ke,Sun,7. Sabhaayaam- Congregating
D27,Ke,Moon,10. Nrityalipsa- Desiring to Dance
D27,Ke,Mars,10. Nrityalipsa- Desiring to Dance
D27,Ke,Mercury,10. Nrityalipsa- Desiring to Dance
D27,Ke,Jupiter,10. Nrityalipsa- Desiring to Dance
D27,Ke,Venus,4. Prakaashana- Illuminating
D27,Ke,Saturn,6. Aagamana- Arriving
D27,Ke,Rahu,6. Aagamana- Arriving
D27,Ke,Ketu,1. Shayana- Laying
D27,Ve,Sun,8. Aagama- Aproaching
D27,Ve,Moon,11. Kautuka- Eagerness
D27,Ve,Mars,11. Kautuka- Eagerness
D27,Ve,Mercury,11. Kautuka- Eagerness
D27,Ve,Jupiter,11. Kautuka- Eagerness
D27,Ve,Venus,5. Gamana- Departing
D27,Ve,Saturn,7. Sabhaayaam- Congregating
D27,Ve,Rahu,7. Sabhaayaam- Congregating
D27,Ve,Ketu,2. Upavesha- Sitting
D27,Su,Sun,9. Bhojana- Eating
D27,Su,Moon,12. Nidra- Slumbering
D27,Su,Mars,12. Nidra- Slumbering
D27,Su,Mercury,12. Nidra- Slumbering
D27,Su,Jupiter,12. Nidra- Slumbering
D27,Su,Venus,6. Aagamana- Arriving
D27,Su,Saturn,8. Aagama- Aproaching
D27,Su,Rahu,8. Aagama- Aproaching
D27,Su,Ketu,3. Netrapani- Guiding the Hand
D27,Mo,Sun,10. Nrityalipsa- Desiring to Dance
D27,Mo,Moon,1. Shayana- Laying
D27,Mo,Mars,1. Shayana- Laying
D27,Mo,Mercury,1. Shayana- Laying
D27,Mo,Jupiter,1. Shayana- Laying
D27,Mo,Venus,7. Sabhaayaam- Congregating
D27,Mo,Saturn,9. Bhojana- Eating
D27,Mo,Rahu,9. Bhojana- Eating
D27,Mo,Ketu,4. Prakaashana- Illuminating
D27,Ma,Sun,11. Kautuka- Eagerness
D27,Ma,Moon,2. Upavesha- Sitting
D27,Ma,Mars,2. Upavesha- Sitting
D27,Ma,Mercury,2. Upavesha- Sitting
D27,Ma,Jupiter,2. Upavesha- Sitting
D27,Ma,Venus,8. Aagama- Aproaching
D27,Ma,Saturn,10. Nrityalipsa- Desiring to Dance
D27,Ma,Rahu,10. Nrityalipsa- Desiring to Dance
D27,Ma,Ketu,5. Gamana- Departing
D27,Ra,Sun,12. Nidra- Slumbering
D27,Ra,Moon,3. Netrapani- Guiding the Hand
D27,Ra,Mars,3. Netrapani- Guiding the Hand
D27,Ra,Mercury,3. Netrapani- Guiding the Hand
D27,Ra,Jupiter,3. Netrapani- Guiding the Hand
D27,Ra,Venus,9. Bhojana- Eating
D27,Ra,Saturn,11. Kautuka- Eagerness
D27,Ra,Rahu,11. Kautuka- Eagerness
D27,Ra,Ketu,6. Aagamana- Arriving
D27,Ju,Sun,1. Shayana- Laying
D27,Ju,Moon,4. Prakaashana- Illuminating
D27,Ju,Mars,4. Prakaashana- Illuminating
D27,Ju,Mercury,4. Prakaashana- Illuminating
D27,Ju,Jupiter,4. Prakaashana- Illuminating
D27,Ju,Venus,10. Nrityalipsa- Desiring to Dance
D27,Ju,Saturn,12. Nidra- Slumbering
D27,Ju,Rahu,12. Nidra- Slumbering
D27,Ju,Ketu,7. Sabhaayaam- Congregating
D27,Sa,Sun,2. Upavesha- Sitting
D27,Sa,Moon,5. Gamana- Departing
D27,Sa,Mars,5. Gamana- Departing
D27,Sa,Mercury,5. Gamana- Departing
D27,Sa,Jupiter,5. Gamana- Departing
D27,Sa,Venus,11. Kautuka- Eagerness
D27,Sa,Saturn,1. Shayana- Laying
D27,Sa,Rahu,1. Shayana- Laying
D27,Sa,Ketu,8. Aagama- Aproaching
D30,Me,Sun,10. Nrityalipsa- Desiring to Dance
D30,Me,Moon,8. Aagama- Aproaching
D30,Me,Mars,2. Upavesha- Sitting
D30,Me,Mercury,4. Prakaashana- Illuminating
D30,Me,Jupiter,2. Upavesha- Sitting
D30,Me,Venus,2. Upavesha- Sitting
D30,Me,Saturn,8. Aagama- Aproaching
D30,Me,Rahu,8. Aagama- Aproaching
D30,Me,Ketu,11. Kautuka- Eagerness
D30,Ke,Sun,11. Kautuka- Eagerness
D30,Ke,Moon,9. Bhojana- Eating
D30,Ke,Mars,3. Netrapani- Guiding the Hand
D30,Ke,Mercury,5. Gamana- Departing
D30,Ke,Jupiter,3. Netrapani- Guiding the Hand
D30,Ke,Venus,3. Netrapani- Guiding the Hand
D30,Ke,Saturn,9. Bhojana- Eating
D30,Ke,Rahu,9. Bhojana- Eating
D30,Ke,Ketu,12. Nidra- Slumbering
D30,Ve,Sun,12. Nidra- Slumbering
D30,Ve,Moon,10. Nrityalipsa- Desiring to Dance
D30,Ve,Mars,4. Prakaashana- Illuminating
D30,Ve,Mercury,6. Aagamana- Arriving
D30,Ve,Jupiter,4. Prakaashana- Illuminating
D30,Ve,Venus,4. Prakaashana- Illuminating
D30,Ve,Saturn,10. Nrityalipsa- Desiring to Dance
D30,Ve,Rahu,10. Nrityalipsa- Desiring to Dance
D30,Ve,Ketu,1. Shayana- Laying
D30,Su,Sun,1. Shayana- Laying
D30,Su,Moon,11. Kautuka- Eagerness
D30,Su,Mars,5. Gamana- Departing
D30,Su,Mercury,7. Sabhaayaam- Congregating
D30,Su,Jupiter,5. Gamana- Departing
D30,Su,Venus,5. Gamana- Departing
D30,Su,Saturn,11. Kautuka- Eagerness
D30,Su,Rahu,11. Kautuka- Eagerness
D30,Su,Ketu,2. Upavesha- Sitting
D30,Mo,Sun,2. Upavesha- Sitting
D30,Mo,Moon,12. Nidra- Slumbering
D30,Mo,Mars,6. Aagamana- Arriving
D30,Mo,Mercury,8. Aagama- Aproaching
D30,Mo,Jupiter,6. Aagamana- Arriving
D30,Mo,Venus,6. Aagamana- Arriving
D30,Mo,Saturn,12. Nidra- Slumbering
D30,Mo,Rahu,12. Nidra- Slumbering
D30,Mo,Ketu,3. Netrapani- Guiding the Hand
D30,Ma,Sun,3. Netrapani- Guiding the Hand
D30,Ma,Moon,1. Shayana- Laying
D30,Ma,Mars,7. Sabhaayaam- Congregating
D30,Ma,Mercury,9. Bhojana- Eating
D30,Ma,Jupiter,7. Sabhaayaam- Congregating
D30,Ma,Venus,7. Sabhaayaam- Congregating
D30,Ma,Saturn,1. Shayana- Laying
D30,Ma,Rahu,1. Shayana- Laying
D30,Ma,Ketu,4. Prakaashana- Illuminating
D30,Ra,Sun,4. Prakaashana- Illuminating
D30,Ra,Moon,2. Upavesha- Sitting
D30,Ra,Mars,8. Aagama- Aproaching
D30,Ra,Mercury,10. Nrityalipsa- Desiring to Dance
D30,Ra,Jupiter,8. Aagama- Aproaching
D30,Ra,Venus,8. Aagama- Aproaching
D30,Ra,Saturn,2. Upavesha- Sitting
D30,Ra,Rahu,2. Upavesha- Sitting
D30,Ra,Ketu,5. Gamana- Departing
D30,Ju,Sun,5. Gamana- Departing
D30,Ju,Moon,3. Netrapani- Guiding the Hand
D30,Ju,Mars,9. Bhojana- Eating
D30,Ju,Mercury,11. Kautuka- Eagerness
D30,Ju,Jupiter,9. Bhojana- Eating
D30,Ju,Venus,9. Bhojana- Eating
D30,Ju,Saturn,3. Netrapani- Guiding the Hand
D30,Ju,Rahu,3. Netrapani- Guiding the Hand
D30,Ju,Ketu,6. Aagamana- Arriving
D30,Sa,Sun,6. Aagamana- Arriving
D30,Sa,Moon,4. Prakaashana- Illuminating
D30,Sa,Mars,10. Nrityalipsa- Desiring to Dance
D30,Sa,Mercury,12. Nidra- Slumbering
D30,Sa,Jupiter,10. Nrityalipsa- Desiring to Dance
D30,Sa,Venus,10. Nrityalipsa- Desiring to Dance
D30,Sa,Saturn,4. Prakaashana- Illuminating
D30,Sa,Rahu,4. Prakaashana- Illuminating
D30,Sa,Ketu,7. Sabhaayaam- Congregating
D40,Me,Sun,12. Nidra- Slumbering
D40,Me,Moon,6. Aagamana- Arriving
D40,Me,Mars,3. Netrapani- Guiding the Hand
D40,Me,Mercury,6. Aagamana- Arriving
D40,Me,Jupiter,6. Aagamana- Arriving
D40,Me,Venus,6. Aagamana- Arriving
D40,Me,Saturn,6. Aagamana- Arriving
D40,Me,Rahu,6. Aagamana- Arriving
D40,Me,Ketu,6. Aagamana- Arriving
D40,Ke,Sun,1. Shayana- Laying
D40,Ke,Moon,7. Sabhaayaam- Congregating
D40,Ke,Mars,4. Prakaashana- Illuminating
D40,Ke,Mercury,7. Sabhaayaam- Congregating
D40,Ke,Jupiter,7. Sabhaayaam- Congregating
D40,Ke,Venus,7. Sabhaayaam- Congregating
D40,Ke,Saturn,7. Sabhaayaam- Congregating
D40,Ke,Rahu,7. Sabhaayaam- Congregating
D40,Ke,Ketu,7. Sabhaayaam- Congregating
D40,Ve,Sun,2. Upavesha- Sitting
D40,Ve,Moon,8. Aagama- Aproaching
D40,Ve,Mars,5. Gamana- Departing
D40,Ve,Mercury,8. Aagama- Aproaching
D40,Ve,Jupiter,8. Aagama- Aproaching
D40,Ve,Venus,8. Aagama- Aproaching
D40,Ve,Saturn,8. Aagama- Aproaching
D40,Ve,Rahu,8. Aagama- Aproaching
D40,Ve,Ketu,8. Aagama- Aproaching
D40,Su,Sun,3. Netrapani- Guiding the Hand
D40,Su,Moon,9. Bhojana- Eating
D40,Su,Mars,6. Aagamana- Arriving
D40,Su,Mercury,9. Bhojana- Eating
D40,Su,Jupiter,9. Bhojana- Eating
D40,Su,Venus,9. Bhojana- Eating
D40,Su,Saturn,9. Bhojana- Eating
D40,Su,Rahu,9. Bhojana- Eating
D40,Su,Ketu,9. Bhojana- Eating
D40,Mo,Sun,4. Prakaashana- Illuminating
D40,Mo,Moon,10. Nrityalipsa- Desiring to Dance
D40,Mo,Mars,7. Sabhaayaam- Congregating
D40,Mo,Mercury,10. Nrityalipsa- Desiring to Dance
D40,Mo,Jupiter,10. Nrityalipsa- Desiring to Dance
D40,Mo,Venus,10. Nrityalipsa- Desiring to Dance
D40,Mo,Saturn,10. Nrityalipsa- Desiring to Dance
D40,Mo,Rahu,10. Nrityalipsa- Desiring to Dance
D40,Mo,Ketu,10. Nrityalipsa- Desiring to Dance
D40,Ma,Sun,5. Gamana- Departing
D40,Ma,Moon,11. Kautuka- Eagerness
D40,Ma,Mars,8. Aagama- Aproaching
D40,Ma,Mercury,11. Kautuka- Eagerness
D40,Ma,Jupiter,11. Kautuka- Eagerness
D40,Ma,Venus,11. Kautuka- Eagerness
D40,Ma,Saturn,11. Kautuka- Eagerness
D40,Ma,Rahu,11. Kautuka- Eagerness
D40,Ma,Ketu,11. Kautuka- Eagerness
D40,Ra,Sun,6. Aagamana- Arriving
D40,Ra,Moon,12. Nidra- Slumbering
D40,Ra,Mars,9. Bhojana- Eating
D40,Ra,Mercury,12. Nidra- Slumbering
D40,Ra,Jupiter,12. Nidra- Slumbering
D40,Ra,Venus,12. Nidra- Slumbering
D40,Ra,Saturn,12. Nidra- Slumbering
D40,Ra,Rahu,12. Nidra- Slumbering
D40,Ra,Ketu,12. Nidra- Slumbering
D40,Ju,Sun,7. Sabhaayaam- Congregating
D40,Ju,Moon,1. Shayana- Laying
D40,Ju,Mars,10. Nrityalipsa- Desiring to Dance
D40,Ju,Mercury,1. Shayana- Laying
D40,Ju,Jupiter,1. Shayana- Laying
D40,Ju,Venus,1. Shayana- Laying
D40,Ju,Saturn,1. Shayana- Laying
D40,Ju,Rahu,1. Shayana- Laying
D40,Ju,Ketu,1. Shayana- Laying
D40,Sa,Sun,8. Aagama- Aproaching
D40,Sa,Moon,2. Upavesha- Sitting
D40,Sa,Mars,11. Kautuka- Eagerness
D40,Sa,Mercury,2. Upavesha- Sitting
D40,Sa,Jupiter,2. Upavesha- Sitting
D40,Sa,Venus,2. Upavesha- Sitting
D40,Sa,Saturn,2. Upavesha- Sitting
D40,Sa,Rahu,2. Upavesha- Sitting
D40,Sa,Ketu,2. Upavesha- Sitting
D45,Me,Sun,1. Shayana- Laying
D45,Me,Moon,9. Bhojana- Eating
D45,Me,Mars,11. Kautuka- Eagerness
D45,Me,Mercury,5. Gamana- Departing
D45,Me,Jupiter,8. Aagama- Aproaching
D45,Me,Venus,11. Kautuka- Eagerness
D45,Me,Saturn,8. Aagama- Aproaching
D45,Me,Rahu,9. Bhojana- Eating
D45,Me,Ketu,11. Kautuka- Eagerness
D45,Ke,Sun,2. Upavesha- Sitting
D45,Ke,Moon,10. Nrityalipsa- Desiring to Dance
D45,Ke,Mars,12. Nidra- Slumbering
D45,Ke,Mercury,6. Aagamana- Arriving
D45,Ke,Jupiter,9. Bhojana- Eating
D45,Ke,Venus,12. Nidra- Slumbering
D45,Ke,Saturn,9. Bhojana- Eating
D45,Ke,Rahu,10. Nrityalipsa- Desiring to Dance
D45,Ke,Ketu,12. Nidra- Slumbering
D45,Ve,Sun,3. Netrapani- Guiding the Hand
D45,Ve,Moon,11. Kautuka- Eagerness
D45,Ve,Mars,1. Shayana- Laying
D45,Ve,Mercury,7. Sabhaayaam- Congregating
D45,Ve,Jupiter,10. Nrityalipsa- Desiring to Dance
D45,Ve,Venus,1. Shayana- Laying
D45,Ve,Saturn,10. Nrityalipsa- Desiring to Dance
D45,Ve,Rahu,11. Kautuka- Eagerness
D45,Ve,Ketu,1. Shayana- Laying
D45,Su,Sun,4. Prakaashana- Illuminating
D45,Su,Moon,12. Nidra- Slumbering
D45,Su,Mars,2. Upavesha- Sitting
D45,Su,Mercury,8. Aagama- Aproaching
D45,Su,Jupiter,11. Kautuka- Eagerness
D45,Su,Venus,2. Upavesha- Sitting
D45,Su,Saturn,11. Kautuka- Eagerness
D45,Su,Rahu,12. Nidra- Slumbering
D45,Su,Ketu,2. Upavesha- Sitting
D45,Mo,Sun,5. Gamana- Departing
D45,Mo,Moon,1. Shayana- Laying
D45,Mo,Mars,3. Netrapani- Guiding the Hand
D45,Mo,Mercury,9. Bhojana- Eating
D45,Mo,Jupiter,12. Nidra- Slumbering
D45,Mo,Venus,3. Netrapani- Guiding the Hand
D45,Mo,Saturn,12. Nidra- Slumbering
D45,Mo,Rahu,1. Shayana- Laying
D45,Mo,Ketu,3. Netrapani- Guiding the Hand
D45,Ma,Sun,6. Aagamana- Arriving
D45,Ma,Moon,2. Upavesha- Sitting
D45,Ma,Mars,4. Prakaashana- Illuminating
D45,Ma,Mercury,10. Nrityalipsa- Desiring to Dance
D45,Ma,Jupiter,1. Shayana- Laying
D45,Ma,Venus,4. Prakaashana- Illuminating
D45,Ma,Saturn,1. Shayana- Laying
D45,Ma,Rahu,2. Upavesha- Sitting
D45,Ma,Ketu,4. Prakaashana- Illuminating
D45,Ra,Sun,7. Sabhaayaam- Congregating
D45,Ra,Moon,3. Netrapani- Guiding the Hand
D45,Ra,Mars,5. Gamana- Departing
D45,Ra,Mercury,11. Kautuka- Eagerness
D45,Ra,Jupiter,2. Upavesha- Sitting
D45,Ra,Venus,5. Gamana- Departing
D45,Ra,Saturn,2. Upavesha- Sitting
D45,Ra,Rahu,3. Netrapani- Guiding the Hand
D45,Ra,Ketu,5. Gamana- Departing
D45,Ju,Sun,8. Aagama- Aproaching
D45,Ju,Moon,4. Prakaashana- Illuminating
D45,Ju,Mars,6. Aagamana- Arriving
D45,Ju,Mercury,12. Nidra- Slumbering
D45,Ju,Jupiter,3. Netrapani- Guiding the Hand
D45,Ju,Venus,6. Aagamana- Arriving
D45,Ju,Saturn,3. Netrapani- Guiding the Hand
D45,Ju,Rahu,4. Prakaashana- Illuminating
D45,Ju,Ketu,6. Aagamana- Arriving
D45,Sa,Sun,9. Bhojana- Eating
D45,Sa,Moon,5. Gamana- Departing
D45,Sa,Mars,7. Sabhaayaam- Congregating
D45,Sa,Mercury,1. Shayana- Laying
D45,Sa,Jupiter,4. Prakaashana- Illuminating
D45,Sa,Venus,7. Sabhaayaam- Congregating
D45,Sa,Saturn,4. Prakaashana- Illuminating
D45,Sa,Rahu,5. Gamana- Departing
D45,Sa,Ketu,7. Sabhaayaam- Congregating
D60,Me,Sun,8. Aagama- Aproaching
D60,Me,Moon,10. Nrityalipsa- Desiring to Dance
D60,Me,Mars,4. Prakaashana- Illuminating
D60,Me,Mercury,2. Upavesha- Sitting
D60,Me,Jupiter,12. Nidra- Slumbering
D60,Me,Venus,10. Nrityalipsa- Desiring to Dance
D60,Me,Saturn,10. Nrityalipsa- Desiring to Dance
D60,Me,Rahu,10. Nrityalipsa- Desiring to Dance
D60,Me,Ketu,10. Nrityalipsa- Desiring to Dance
D60,Ke,Sun,9. Bhojana- Eating
D60,Ke,Moon,11. Kautuka- Eagerness
D60,Ke,Mars,5. Gamana- Departing
D60,Ke,Mercury,3. Netrapani- Guiding the Hand
D60,Ke,Jupiter,1. Shayana- Laying
D60,Ke,Venus,11. Kautuka- Eagerness
D60,Ke,Saturn,11. Kautuka- Eagerness
D60,Ke,Rahu,11. Kautuka- Eagerness
D60,Ke,Ketu,11. Kautuka- Eagerness
D60,Ve,Sun,10. Nrityalipsa- Desiring to Dance
D60,Ve,Moon,12. Nidra- Slumbering
D60,Ve,Mars,6. Aagamana- Arriving
D60,Ve,Mercury,4. Prakaashana- Illuminating
D60,Ve,Jupiter,2. Upavesha- Sitting
D60,Ve,Venus,12. Nidra- Slumbering
D60,Ve,Saturn,12. Nidra- Slumbering
D60,Ve,Rahu,12. Nidra- Slumbering
D60,Ve,Ketu,12. Nidra- Slumbering
D60,Su,Sun,11. Kautuka- Eagerness
D60,Su,Moon,1. Shayana- Laying
D60,Su,Mars,7. Sabhaayaam- Congregating
D60,Su,Mercury,5. Gamana- Departing
D60,Su,Jupiter,3. Netrapani- Guiding the Hand
D60,Su,Venus,1. Shayana- Laying
D60,Su,Saturn,1. Shayana- Laying
D60,Su,Rahu,1. Shayana- Laying
D60,Su,Ketu,1. Shayana- Laying
D60,Mo,Sun,12. Nidra- Slumbering
D60,Mo,Moon,2. Upavesha- Sitting
D60,Mo,Mars,8. Aagama- Aproaching
D60,Mo,Mercury,6. Aagamana- Arriving
D60,Mo,Jupiter,4. Prakaashana- Illuminating
D60,Mo,Venus,2. Upavesha- Sitting
D60,Mo,Saturn,2. Upavesha- Sitting
D60,Mo,Rahu,2. Upavesha- Sitting
D60,Mo,Ketu,2. Upavesha- Sitting
D60,Ma,Sun,1. Shayana- Laying
D60,Ma,Moon,3. Netrapani- Guiding the Hand
D60,Ma,Mars,9. Bhojana- Eating
D60,Ma,Mercury,7. Sabhaayaam- Congregating
D60,Ma,Jupiter,5. Gamana- Departing
D60,Ma,Venus,3. Netrapani- Guiding the Hand
D60,Ma,Saturn,3. Netrapani- Guiding the Hand
D60,Ma,Rahu,3. Netrapani- Guiding the Hand
D60,Ma,Ketu,3. Netrapani- Guiding the Hand
D60,Ra,Sun,2. Upavesha- Sitting
D60,Ra,Moon,4. Prakaashana- Illuminating
D60,Ra,Mars,10. Nrityalipsa- Desiring to Dance
D60,Ra,Mercury,8. Aagama- Aproaching
D60,Ra,Jupiter,6. Aagamana- Arriving
D60,Ra,Venus,4. Prakaashana- Illuminating
D60,Ra,Saturn,4. Prakaashana- Illuminating
D60,Ra,Rahu,4. Prakaashana- Illuminating
D60,Ra,Ketu,4. Prakaashana- Illuminating
D60,Ju,Sun,3. Netrapani- Guiding the Hand
D60,Ju,Moon,5. Gamana- Departing
D60,Ju,Mars,11. Kautuka- Eagerness
D60,Ju,Mercury,9. Bhojana- Eating
D60,Ju,Jupiter,7. Sabhaayaam- Congregating
D60,Ju,Venus,5. Gamana- Departing
D60,Ju,Saturn,5. Gamana- Departing
D60,Ju,Rahu,5. Gamana- Departing
D60,Ju,Ketu,5. Gamana- Departing
D60,Sa,Sun,4. Prakaashana- Illuminating
D60,Sa,Moon,6. Aagamana- Arriving
D60,Sa,Mars,12. Nidra- Slumbering
D60,Sa,Mercury,10. Nrityalipsa- Desiring to Dance
D60,Sa,Jupiter,8. Aagama- Aproaching
D60,Sa,Venus,6. Aagamana- Arriving
D60,Sa,Saturn,6. Aagamana- Arriving
D60,Sa,Rahu,6. Aagamana- Arriving
D60,Sa,Ketu,6. Aagamana- Arriving
